Registration Date,Age Range,Gender,Height,Weight,Points,Colors,Movies,Hobbies
2011-02-06,19-30,Female,140,47,11,White:Red,Comedy:Romance,Friends:Music
2011-10-02,19-30,Male,157,90,13,Orange:Black,Action:Adventure:Crime,Soccer:Videogames
2011-09-27,51-,Male,182,52,55,Black:Grey:Blue,Action:Adventure:Crime,Family:Walking
2007-07-04,19-30,Male,174,64,17,Blue:Red,Erotica:Horror:Mystery:Thriller,Disco:Friends:Music
2011-09-18,31-50,Female,166,43,63,White:Black:Red,Romance:Fantasy,Family:Travel
2007-06-06,19-30,Male,162,92,48,Orange:Black,Erotica:Horror:Mystery:Thriller,Disco:Friends:Music
2012-04-30,0-18,Female,172,38,10,Pink:White,Comedy:Romance,Music:Chat:Friends
2010-07-10,0-18,Female,159,89,36,Pink:White,Romance:Fantasy,Dolls:Dance
2009-07-02,31-50,Female,158,41,91,White:Black:Red,Fantasy:Philosophical:Fantasy,Books:Music:Films
2007-12-23,31-50,Female,130,62,17,White:Black:Red,Romance:Fantasy,Books:Music:Films
2009-03-24,31-50,Female,136,89,74,Green:Yellow,Comedy:Romance,Family:Travel
2013-05-26,31-50,Male,151,104,26,Blue:Grey,Action:Adventure:Crime,Jogging:Soccer:Barbacue
2009-11-30,0-18,Male,152,104,69,Blue:Orange,Political:Comedy,Toys:Music
2013-08-10,0-18,Female,164,92,30,Pink:Yellow,Mystery:Thriller:Satire:Comedy,Dolls:Dance
2010-11-16,19-30,Male,165,65,48,Orange:Black,Erotica:Horror:Mystery:Thriller,Soccer:Videogames
2007-04-04,0-18,Female,159,58,18,Pink:Yellow,Comedy:Romance,Dolls:Dance
2013-11-03,0-18,Female,169,53,7,Pink:White,Mystery:Thriller:Satire:Comedy,Music:Chat:Friends
2007-10-26,31-50,Male,198,54,29,Grey:Black,Action:Adventure:Crime,Fishing:Travel
2012-07-13,19-30,Female,179,55,58,Red:White:Black,Mystery:Thriller:Satire:Comedy,Friends:Music
2010-04-04,31-50,Male,152,94,68,Blue:Grey,Erotica:Horror:Mystery:Thriller,Jogging:Soccer:Barbacue
2013-04-01,31-50,Female,166,57,82,White:Black:Red,Romance:Fantasy,Family:Travel
2011-06-08,19-30,Male,185,104,75,Blue:Red,Erotica:Horror:Mystery:Thriller,Disco:Friends:Music
2010-03-08,19-30,Male,160,66,92,Blue:Red,Erotica:Horror:Mystery:Thriller,Soccer:Videogames
2009-03-28,31-50,Female,150,52,80,Green:Yellow,Fantasy:Philosophical:Fantasy,Family:Travel
2011-04-13,19-30,Female,144,86,88,Red:White:Black,Comedy:Romance,Disco:Friends
2008-03-30,51-,Female,133,43,53,Purple:Black:White,Mystery:Thriller:Satire:Comedy,Family:Cooking
2011-02-17,51-,Male,185,48,33,Black:Grey:Blue,Erotica:Horror:Mystery:Thriller,Books:Travel
2013-06-26,31-50,Male,169,112,64,Blue:Grey,Erotica:Horror:Mystery:Thriller,Books:Family
2010-02-24,0-18,Female,165,95,55,Pink:White,Romance:Fantasy,Dolls:Music
2007-02-14,19-30,Male,152,76,95,Orange:Black,Erotica:Horror:Mystery:Thriller,Soccer:Videogames
2007-11-26,31-50,Male,192,56,33,Blue:Grey,Erotica:Horror:Mystery:Thriller,Books:Family
2012-09-17,31-50,Female,151,69,69,Green:Yellow,Comedy:Romance,Family:Travel
2010-10-23,19-30,Male,160,57,59,Orange:Black,Action:Adventure:Crime,Soccer:Videogames
2009-02-01,51-,Male,178,100,48,Black:Grey,Action:Adventure:Crime,Books:Travel
2007-04-24,19-30,Male,150,107,27,Orange:Black,Action:Adventure:Crime,Disco:Friends:Music
2009-08-04,31-50,Female,174,65,53,White:Black:Red,Comedy:Romance,Books:Travel:Cooking
2010-02-03,19-30,Female,157,92,27,Red:White:Black,Mystery:Thriller:Satire:Comedy,Friends:Music
2010-06-10,0-18,Male,163,108,89,Blue:Red:White,Action:Adventure:Crime,Toys:Music
2010-05-31,51-,Male,170,119,59,Black:Grey,Action:Adventure:Crime,Books:Travel
2011-05-06,0-18,Male,176,71,94,White:Blue,Political:Comedy,Toys:Music
2013-05-28,31-50,Male,162,63,52,Grey:Black,Erotica:Horror:Mystery:Thriller,Jogging:Soccer:Barbacue
2008-02-21,31-50,Male,151,117,40,Blue:Grey,Action:Adventure:Crime,Soccer:Travel:Books
2013-10-08,19-30,Female,176,72,36,Red:White:Black,Fantasy:Philosophical:Fantasy,Friends:Music
2008-09-11,0-18,Female,135,65,17,Pink:Yellow,Romance:Fantasy,Dolls:Music
2013-11-03,51-,Male,196,113,68,Black:Grey,Action:Adventure:Crime,Books:Travel
2012-09-13,0-18,Male,183,103,71,Blue:Red:White,Erotica:Horror:Mystery:Thriller,Toys:Friends:Soccer
2011-06-13,0-18,Female,134,71,27,Pink:White,Mystery:Thriller:Satire:Comedy,Dolls:Music
2009-01-10,0-18,Female,136,64,80,Pink:Yellow,Romance:Fantasy,Dolls:Music
2011-09-16,19-30,Male,177,48,8,Blue:Red,Action:Adventure:Crime,Disco:Friends:Music
2008-08-06,19-30,Female,151,56,11,Red:White:Black,Mystery:Thriller:Satire:Comedy,Friends:Music
